{"mse": 0.7725391895211882, "r2": 0.2281372768336113}